id_bolide,date_heure,Latitude ,Longitude,Vitesse (km/s),Énergie totale rayonnée (J) ,
1,2017-07-31 22:01:35,24.7N,118.5W,,5.8e10,24.7N 118.5W
2,2017-07-23 06:12:38,6.6S,69.7W,17.2,3.5e10,6.6S 69.7W
3,2017-07-13 09:30:36,23.1N,60.7E,13.7,7.3e10,23.1N 60.7E
4,2017-06-30 14:26:45,34.3S,134.5E,15.2,9.4e10,34.3S 134.5E
5,2017-06-23 20:21:55,57.0N,143.7E,24.3,18.4e10,57.0N 143.7E
6,2017-06-20 13:41:32,54.2S,133.0E,13.6,63.6e10,54.2S 133.0E
7,2017-05-24 07:03:03,9.1S,101.8E,18.4,9.0e10,9.1S 101.8E
8,2017-05-22 17:44:39,49.6S,157.6W,,3.5e10,49.6S 157.6W
9,2017-05-14 09:30:35,26.0S,32.4E,,3.5e10,26.0S 32.4E
10,2017-04-30 21:28:28,25.7S,56.2E,21.5,15.0e10,25.7S 56.2E
11,2017-03-11 04:51:21,28.3N,60.2W,,126.3e10,28.3N 60.2W
12,2017-03-09 04:16:37,40.5N,18.0W,36.5,40.0e10,40.5N 18.0W
13,2017-03-08 22:21:59,26.1S,174.9E,,7.2e10,26.1S 174.9E
14,2017-02-25 01:22:59,29.5N,13.5E,12.2,6.5e10,29.5N 13.5E
15,2017-02-21 18:47:30,50.7S,66.0W,,3.8e10,50.7S 66.0W
16,2017-02-18 19:48:29,6.2N,60.4E,24.2,29.5e10,6.2N 60.4E
17,2017-02-07 17:37:31,27.4S,14.8W,,2.0e10,27.4S 14.8W
18,2017-02-06 06:09:59,10.4N,131.6E,,6.6e10,10.4N 131.6E
19,2016-12-23 03:29:09,21.3N,49.3E,29.7,3.8e10,21.3N 49.3E
20,2016-12-07 04:51:39,34.5S,126.6W,,11.7e10,34.5S 126.6W
21,2016-11-29 08:05:38,30.6S,93.1W,,3.1e10,30.6S 93.1W
22,2016-11-24 14:10:34,15.2S,80.3E,17.4,13.8e10,15.2S 80.3E
23,2016-11-03 17:14:29,39.6S,16.3W,,7.6e10,39.6S 16.3W
24,2016-10-01 20:23:45,36.2N,6.7E,14.2,3.1e10,36.2N 6.7E
25,2016-09-22 04:57:49,51.8S,178.5E,17.5,7.1e10,51.8S 178.5E
26,2016-09-14 15:01:51,3.5S,44.6E,18.3,7.6e10,3.5S 44.6E
27,2016-08-27 21:45:13,56.9S,162.2E,,14.2e10,56.9S 162.2E
28,2016-08-11 05:59:58,43.7S,53.8E,14.9,18.4e10,43.7S 53.8E
29,2016-08-05 18:02:44,46.4N,171.6E,,12.1e10,46.4N 171.6E
30,2016-07-21 00:48:53,7.8N,1.6W,,4.5e10,7.8N 1.6W
31,2016-07-05 01:24:26,1.0N,48.6E,25.1,15.3e10,1.0N 48.6E
32,2016-06-27 10:02:42,15.8N,11.9W,29.1,45.8e10,15.8N 11.9W
33,2016-06-05 06:12:55,17.4S,138.3E,14.5,33.1e10,17.4S 138.3E
34,2016-06-02 10:56:32,33.8N,110.9W,,17.2e10,33.8N 110.9W
35,2016-05-29 12:14:55,10.2N,48.8W,,6.9e10,10.2N 48.8W
36,2016-05-20 11:59:46,32.8S,15.1E,20.8,2.0e10,32.8S 15.1E
37,2016-05-16 10:09:41,3.2N,6.6E,12.2,51.9e10,3.2N 6.6E
38,2016-05-13 00:34:01,26.2N,122.3W,,10.1e10,26.2N 122.3W
39,2016-04-24 05:39:24,9.8N,42.8W,,14.6e10,9.8N 42.8W
40,2016-04-18 11:59:10,20.7N,14.5W,17.1,22.4e10,20.7N 14.5W
41,2016-04-12 09:51:40,38.3N,162.2E,,2.0e10,38.3N 162.2E
42,2016-04-10 14:57:53,22.0N,149.0E,15.1,65.5e10,22.0N 149.0E
43,2016-03-16 23:54:20,49.2S,6.3W,13.3,3.2e10,49.2S 6.3W
44,2016-03-03 01:32:43,48.0S,51.0E,11.7,5.8e10,48.0S 51.0E
45,2016-02-23 03:59:13,32.3N,67.2E,17.9,3.5e10,32.3N 67.2E
46,2016-02-21 05:58:53,36.5N,37.2W,,36.9e10,36.5N 37.2W
47,2016-02-19 08:15:02,0.7N,11.6W,15.5,20.2e10,0.7N 11.6W
48,2016-02-06 13:55:09,30.4S,25.5W,15.6,685.3e10,30.4S 25.5W
49,2016-01-27 09:59:16,45.8S,53.6E,11.5,5.0e10,45.8S 53.6E
50,2016-01-21 16:44:54,10.8S,0.7E,18.1,4.6e10,10.8S 0.7E
51,2015-12-30 13:07:50,33.8N,160.7W,,2.2e10,33.8N 160.7W
52,2015-12-21 02:32:48,5.9N,143.0E,12.1,8.3e10,5.9N 143.0E
53,2015-12-08 00:34:23,69.9S,150.5E,,19.7e10,69.9S 150.5E
54,2015-11-13 14:59:27,16.0N,124.3E,,10.2e10,16.0N 124.3E
55,2015-11-02 21:34:20,41.4S,33.0E,,7.8e10,41.4S 33.0E
56,2015-10-31 11:34:30,9.0N,138.0W,,9.7e10,9.0N 138.0W
57,2015-10-13 12:23:08,8.0S,52.5W,12.9,2.3e10,8.0S 52.5W
58,2015-10-11 00:07:46,55.4S,18.8W,,3.0e10,55.4S 18.8W
59,2015-10-10 09:57:51,51.0S,21.1W,11.8,3.6e10,51.0S 21.1W
60,2015-10-04 21:02:17,22.0N,171.6W,,4.4e10,22.0N 171.6W
61,2015-09-17 21:03:14,43.1S,94.9E,,9.8e10,43.1S 94.9E
62,2015-09-14 23:50:50,5.8N,15.2W,,7.0e10,5.8N 15.2W
63,2015-09-08 13:46:42,6.3N,29.9E,16.1,2.0e10,6.3N 29.9E
64,2015-09-07 01:41:19,14.5N,98.9E,21.0,179.8e10,14.5N 98.9E
65,2015-09-02 20:10:30,39.1N,40.2E,24.1,3.7e10,39.1N 40.2E
66,2015-07-19 07:06:26,20.6N,87.6W,17.8,2.3e10,20.6N 87.6W
67,2015-07-12 22:23:14,31.0N,159.6E,,2.2e10,31.0N 159.6E
68,2015-07-04 01:40:11,38.6N,103.1E,49.0,5.6e10,38.6N 103.1E
69,2015-06-14 03:03:06,6.3N,124.1E,31.9,7.1e10,6.3N 124.1E
70,2015-06-12 17:03:35,1.3S,32.1W,,17.6e10,1.3S 32.1W
71,2015-06-10 17:43:03,11.5S,161.9W,,38.4e10,11.5S 161.9W
72,2015-06-02 08:44:50,6.4S,142.7W,,38.0e10,6.4S 142.7W
73,2015-05-20 10:20:41,1.0N,172.6E,,3.6e10,1.0N 172.6E
74,2015-05-18 17:13:51,32.4N,139.1E,,4.3e10,32.4N 139.1E
75,2015-05-10 07:45:01,46.3S,179.3W,12.2,14.3e10,46.3S 179.3W
76,2015-05-07 20:34:34,21.5S,29.3W,17.3,5.2e10,21.5S 29.3W
77,2015-04-30 10:21:01,48.7S,139.1E,12.9,10.5e10,48.7S 139.1E
78,2015-04-21 01:42:51,37.7N,39.6W,21.3,8.8e10,37.7N 39.6W
79,2015-04-10 01:14:27,42.8S,8.2E,,6.5e10,42.8S 8.2E
80,2015-04-08 04:06:31,25.5S,51.5E,19.2,17.3e10,25.5S 51.5E
81,2015-04-03 01:39:38,8.4N,157.9W,,4.2e10,8.4N 157.9W
82,2015-03-30 21:33:52,36.1S,5.5W,13.8,6.4e10,36.1S 5.5W
83,2015-03-18 00:04:50,5.4S,159.3E,,12.1e10,5.4S 159.3E
84,2015-03-11 06:18:59,8.0N,119.1E,19.9,7.2e10,8.0N 119.1E
85,2015-03-08 04:26:28,39.1S,118.6W,,2.0e10,39.1S 118.6W
86,2015-03-04 04:30:05,15.9S,88.1E,18.0,5.5e10,15.9S 88.1E
87,2015-02-26 22:06:24,68.0N,149.0W,21.1,18.8e10,68.0N 149.0W
88,2015-02-25 10:53:24,12.4N,122.4W,,5.8e10,12.4N 122.4W
89,2015-02-17 13:19:50,8.0S,11.2W,28.8,3.3e10,8.0S 11.2W
90,2015-01-09 17:31:47,23.3S,49.2W,,2.2e10,23.3S 49.2W
91,2015-01-09 10:41:11,2.0N,28.8E,17.5,13.9e10,2.0N 28.8E
92,2015-01-07 01:05:59,45.7N,26.9E,35.7,13.6e10,45.7N 26.9E
93,2015-01-02 13:39:19,31.1S,140.0E,18.1,2.0e10,31.1S 140.0E
94,2014-12-13 02:53:52,86.7N,162.1W,21.7,4.4e10,86.7N 162.1W
95,2014-12-12 06:48:11,33.5N,144.9E,12.0,3.3e10,33.5N 144.9E
96,2014-12-09 21:19:18,76.6N,96.3E,,7.8e10,76.6N 96.3E
97,2014-11-28 11:47:18,45.8S,172.7W,13.4,70.0e10,45.8S 172.7W
98,2014-11-27 12:12:52,18.8S,73.4W,,5.5e10,18.8S 73.4W
99,2014-11-26 23:16:51,69.5S,179.7W,25.3,11.8e10,69.5S 179.7W
100,2014-11-26 17:40:16,68.2S,24.0W,19.9,10.5e10,68.2S 24.0W
101,2014-11-04 20:13:30,43.1N,115.8E,16.0,15.6e10,43.1N 115.8E
102,2014-10-21 18:55:37,22.2N,132.9W,,3.4e10,22.2N 132.9W
103,2014-10-17 14:07:36,4.6S,66.3W,,7.2e10,4.6S 66.3W
104,2014-10-14 10:25:03,2.0S,119.2E,16.9,2.9e10,2.0S 119.2E
105,2014-10-06 20:02:15,43.7S,85.7E,,3.9e10,43.7S 85.7E
106,2014-09-09 18:55:46,3.2N,137.2E,,2.8e10,3.2N 137.2E
107,2014-09-05 21:37:26,22.7N,150.0W,,3.5e10,22.7N 150.0W
108,2014-08-29 23:15:39,6.2S,49.9W,,2.6e10,6.2S 49.9W
109,2014-08-28 03:07:45,3.2N,45.4W,,3.4e10,3.2N 45.4W
110,2014-08-23 06:29:41,61.7S,132.6E,16.2,381.9e10,61.7S 132.6E
111,2014-07-29 07:38:07,49.2S,172.2W,,7.3e10,49.2S 172.2W
112,2014-07-29 03:07:43,33.9S,115.9W,,5.3e10,33.9S 115.9W
113,2014-06-28 02:40:07,18.9N,141.2E,12.4,24.5e10,18.9N 141.2E
114,2014-06-26 05:54:41,71.5S,93.4E,11.2,6.1e10,71.5S 93.4E
115,2014-05-29 01:12:36,21.9N,131.1W,,5.8e10,21.9N 131.1W
116,2014-05-16 20:06:28,39.4S,95.9W,18.0,13.6e10,39.4S 95.9W
117,2014-05-16 12:42:48,44.2S,176.2W,16.5,30.9e10,44.2S 176.2W
118,2014-05-08 19:42:37,36.9S,87.3E,19.0,1050000000000,36.9S 87.3E
119,2014-03-29 13:45:41,28.7S,121.5E,16.3,3.9e10,28.7S 121.5E
120,2014-03-18 11:02:37,0.0N,111.8W,,540000000000,0.0N 111.8W
121,2014-03-03 15:00:21,29.0S,94.9W,,9.4e10,29.0S 94.9W
122,2014-02-18 12:50:44,32.8S,61.5W,,2.6e10,32.8S 61.5W
123,2014-02-13 06:47:42,13.3N,110.7W,,630000000000,13.3N 110.7W
124,2014-01-15 02:46:19,18.5S,141.8E,,14.0e10,18.5S 141.8E
125,2014-01-12 16:00:48,2.9N,64.4E,16.2,7.8e10,2.9N 64.4E
126,2014-01-08 17:05:34,1.3S,147.6E,44.8,3.1e10,1.3S 147.6E
127,2013-12-23 08:30:57,39.5N,2.0E,15.1,14.7e10,39.5N 2.0E
128,2013-12-08 03:10:09,32.8N,165.1W,11.8,6.4e10,32.8N 165.1W
129,2013-11-21 01:50:35,44.7N,35.3E,12.4,7.5e10,44.7N 35.3E
130,2013-10-12 16:06:45,19.1S,25.0W,12.8,161.0e10,19.1S 25.0W
131,2013-10-09 17:27:36,,,,6.0e10, 
132,2013-09-24 15:31:16,10.3S,164.7W,,16.0e10,10.3S 164.7W
133,2013-08-12 18:08:02,34.4S,118.2E,,4.4e10,34.4S 118.2E
134,2013-07-31 07:00:38,,,,3.9e10, 
135,2013-07-31 03:50:14,31.8S,137.1E,17.8,6.9e10,31.8S 137.1E
136,2013-07-30 02:36:58,50.2S,90.2E,18.8,39.0e10,50.2S 90.2E
137,2013-07-27 08:30:36,0.3N,156.2E,22.1,12.0e10,0.3N 156.2E
138,2013-07-26 11:32:26,21.0N,178.5W,,2.0e10,21.0N 178.5W
139,2013-07-18 00:46:37,,,,2.2e10, 
140,2013-06-13 02:51:14,,,,2.2e10, 
141,2013-06-01 22:49:48,65.6S,138.4E,,3.4e10,65.6S 138.4E
142,2013-05-14 23:20:21,3.0S,76.4E,,2.0e10,3.0S 76.4E
143,2013-04-30 08:40:38,35.5N,30.7W,12.1,5110000000000,35.5N 30.7W
144,2013-04-21 06:23:12,28.1S,64.6W,14.9,106.6e10,28.1S 64.6W
145,2013-03-12 10:32:59,32.7S,17.1E,,2.9e10,32.7S 17.1E
146,2013-02-20 13:13:07,23.0S,38.8W,13.6,3.2e10,23.0S 38.8W
147,2013-02-15 03:20:33,54.8N,61.1E,18.6,3.75e14,54.8N 61.1E
148,2013-02-07 13:12:24,18.8S,158.6W,,6.5e10,18.8S 158.6W
149,2013-01-25 07:40:18,60.3N,64.6W,,3400000000000,60.3N 64.6W
150,2013-01-12 03:04:21,15.1S,155.6W,,4.8e10,15.1S 155.6W
151,2012-12-30 07:25:35,17.3N,83.6W,,19.8e10,17.3N 83.6W
152,2012-12-18 11:19:17,,,,2.7e10, 
153,2012-11-20 20:37:31,2.5N,29.6E,14.3,2.5e10,2.5N 29.6E
154,2012-11-20 06:25:11,8.0S,86.0W,,12.0e10,8.0S 86.0W
155,2012-10-25 15:57:19,,,,3.0e10, 
156,2012-10-19 16:26:22,75.4S,49.6E,13.2,2.3e10,75.4S 49.6E
157,2012-10-09 00:54:55,51.2N,84.6W,13.5,21.0e10,51.2N 84.6W
158,2012-10-03 22:50:12,41.5S,21.9W,17.0,28.0e10,41.5S 21.9W
159,2012-10-02 16:38:38,8.1S,111.9W,15.4,47.0e10,8.1S 111.9W
160,2012-09-28 05:44:12,6.9S,73.7E,,3.8e10,6.9S 73.7E
161,2012-09-18 19:34:39,1.2N,52.2W,18.3,24.4e10,1.2N 52.2W
162,2012-09-11 22:07:30,18.9S,105.2E,,5.2e10,18.9S 105.2E
163,2012-09-10 01:03:32,69.8S,111.7W,16.9,2.3e10,69.8S 111.7W
164,2012-08-27 06:57:43,18.3S,64.2E,28.9,6.8e10,18.3S 64.2E
165,2012-08-26 14:55:47,11.8N,117.0E,12.7,24.9e10,11.8N 117.0E
166,2012-08-13 05:31:53,,,,3.3e10, 
167,2012-07-27 04:19:50,63.1N,172.3E,,3.4e10,63.1N 172.3E
168,2012-07-25 07:48:20,36.4N,41.5E,18.5,13.3e10,36.4N 41.5E
169,2012-06-05 07:44:54,,,,2.4e10, 
170,2012-05-25 11:31:24,41.8S,36.2W,,6.0e10,41.8S 36.2W
171,2012-05-22 08:31:42,,,,21.1e10, 
172,2012-05-15 11:04:17,61.8S,135.5W,17.1,13.2e10,61.8S 135.5W
173,2012-05-04 21:54:49,76.7N,10.6W,,22.9e10,76.7N 10.6W
174,2012-04-23 22:01:10,36.2N,107.4E,,4.4e10,36.2N 107.4E
175,2012-04-21 16:08:23,15.8S,174.8W,,14.3e10,15.8S 174.8W
176,2012-04-19 22:12:10,5.5N,16.8E,,3.0e10,5.5N 16.8E
177,2012-04-02 16:50:33,28.1N,95.2W,,3.2e10,28.1N 95.2W
178,2012-03-12 06:40:44,2.5N,139.8E,11.8,9.9e10,2.5N 139.8E
179,2012-03-03 21:28:24,7.8N,2.7E,,10.1e10,7.8N 2.7E
180,2012-03-01 03:12:40,46.9N,29.8W,,2.2e10,46.9N 29.8W
181,2012-02-24 19:11:41,22.7S,30.8E,,3.7e10,22.7S 30.8E
182,2012-02-17 10:47:16,3.2S,39.9W,,15.4e10,3.2S 39.9W
183,2012-02-12 05:25:52,31.7S,54.9E,,14.0e10,31.7S 54.9E
184,2012-02-04 14:42:51,32.4N,0.1E,12.2,15.0e10,32.4N 0.1E
185,2012-01-15 12:26:20,64.1S,109.9E,12.3,2.1e10,64.1S 109.9E
186,2012-01-11 02:23:15,32.2N,88.5E,,8.5e10,32.2N 88.5E
187,2011-12-19 11:35:39,30.2S,52.6E,,13.5e10,30.2S 52.6E
188,2011-12-14 05:01:38,62.9S,89.6E,,5.0e10,62.9S 89.6E
189,2011-12-11 17:29:33,,,,2.9e10, 
190,2011-11-20 05:25:05,27.9S,116.3E,,2.3e10,27.9S 116.3E
191,2011-10-12 07:13:20,26.4S,78.4W,,3.6e10,26.4S 78.4W
192,2011-09-13 23:36:47,19.9S,13.8W,16.7,6.7e10,19.9S 13.8W
193,2011-08-31 09:44:13,18.6N,5.1W,,2.7e10,18.6N 5.1W
194,2011-08-20 20:01:37,27.2S,2.8W,,2.3e10,27.2S 2.8W
195,2011-08-18 14:55:45,,,,2.3e10, 
196,2011-08-11 02:56:08,,,,3.5e10, 
197,2011-08-04 07:25:57,40.7S,86.7W,,2.8e10,40.7S 86.7W
198,2011-07-27 23:00:36,45.3S,63.5E,,4.4e10,45.3S 63.5E
199,2011-07-07 23:25:54,,,,3.3e10, 
200,2011-07-05 15:42:41,29.1N,139.7E,,6.5e10,29.1N 139.7E
201,2011-07-04 09:18:04,51.7S,175.0E,,2.9e10,51.7S 175.0E
202,2011-06-16 11:51:50,67.3N,21.4W,,2.4e10,67.3N 21.4W
203,2011-05-25 05:40:02,4.1N,14.0E,11.6,228.0e10,4.1N 14.0E
204,2011-05-16 13:39:06,1.2S,92.8E,,2.0e10,1.2S 92.8E
205,2011-04-27 20:38:09,1.4N,126.6W,,22.0e10,1.4N 126.6W
206,2011-04-27 11:21:44,,,,2.4e10, 
207,2011-04-17 11:21:44,,,,2.4e10, 
208,2011-04-06 08:30:55,71.1N,43.5W,12.7,14.8e10,71.1N 43.5W
209,2011-03-24 20:23:58,0.6N,127.5W,,5.8e10,0.6N 127.5W
210,2011-03-23 04:24:46,,,,3.1e10, 
211,2011-03-23 04:16:32,16.8S,85.6W,,2.2e10,16.8S 85.6W
212,2011-03-01 10:37:54,53.5N,103.9E,11.9,3.7e10,53.5N 103.9E
213,2011-02-21 05:07:03,26.3N,43.7E,18.0,3.9e10,26.3N 43.7E
214,2011-02-12 11:00:12,7.8N,95.3W,,2.0e10,7.8N 95.3W
215,2011-01-21 15:11:43,18.9N,44.6W,,7.2e10,18.9N 44.6W
216,2011-01-08 19:38:44,33.3N,125.8W,,2.9e10,33.3N 125.8W
217,2010-12-25 23:24:00,38.0N,158.0E,18.1,2.00e13,38.0N 158.0E
218,2010-12-14 00:27:53,4.9S,175.5E,,3.9e10,4.9S 175.5E
219,2010-12-09 02:54:07,54.5S,169.7W,,6.3e10,54.5S 169.7W
220,2010-12-01 06:31:46,72.5S,144.9E,,13.3e10,72.5S 144.9E
221,2010-11-21 14:45:27,1.9N,143.3E,,8.1e10,1.9N 143.3E
222,2010-11-19 07:25:56,10.3S,148.8E,,3.3e10,10.3S 148.8E
223,2010-11-10 08:26:35,74.5N,77.7W,,6.8e10,74.5N 77.7W
224,2010-11-09 13:05:46,56.3S,16.7W,,8.6e10,56.3S 16.7W
225,2010-11-09 06:56:52,14.0S,160.0W,,2.0e10,14.0S 160.0W
226,2010-10-27 11:27:39,14.1S,67.7E,,14.5e10,14.1S 67.7E
227,2010-10-08 09:58:01,,,,2.0e10, 
228,2010-09-24 12:02:07,67.4S,50.6W,,5.0e10,67.4S 50.6W
229,2010-09-18 05:04:41,7.4N,36.7E,,6.7e10,7.4N 36.7E
230,2010-09-08 19:51:36,13.9S,65.5W,,6.5e10,13.9S 65.5W
231,2010-09-05 23:37:33,25.9S,49.0E,,68.3e10,25.9S 49.0E
232,2010-09-03 12:04:58,61.0S,146.7E,12.3,175.0e10,61.0S 146.7E
233,2010-08-17 04:19:37,20.7N,114.3W,,2.1e10,20.7N 114.3W
234,2010-07-15 01:49:56,60.9N,178.1W,,2.4e10,60.9N 178.1W
235,2010-07-06 23:54:43,34.1S,174.5W,15.7,756.0e10,34.1S 174.5W
236,2010-06-26 06:04:38,0.5S,133.2E,,11.3e10,0.5S 133.2E
237,2010-06-21 06:42:00,22.5S,120.9W,,16.3e10,22.5S 120.9W
238,2010-06-17 04:24:45,26.1S,100.0E,,11.9e10,26.1S 100.0E
239,2010-04-17 02:21:58,13.1N,173.0W,,5.6e10,13.1N 173.0W
240,2010-04-16 04:38:52,1.8N,176.9W,18.8,84.4e10,1.8N 176.9W
241,2010-04-06 18:33:12,52.8N,146.5W,,8.0e10,52.8N 146.5W
242,2010-03-18 16:11:16,32.4S,51.8W,,17.5e10,32.4S 51.8W
243,2010-03-15 15:55:43,,,,8.0e10, 
244,2010-03-14 18:44:42,33.8N,90.2W,,4.2e10,33.8N 90.2W
245,2010-03-08 22:44:41,18.2N,110.1E,,3.0e10,18.2N 110.1E
246,2010-03-08 22:02:07,32.0N,92.9W,24.5,32.3e10,32.0N 92.9W
247,2010-02-28 22:24:50,48.7N,21.0E,15.1,15.3e10,48.7N 21.0E
248,2010-02-26 22:46:13,37.3S,166.0W,,23.7e10,37.3S 166.0W
249,2010-02-24 19:55:58,2.6S,102.2W,,9.3e10,2.6S 102.2W
250,2010-01-15 19:17:54,8.3S,27.0E,14.0,49.2e10,8.3S 27.0E
251,2009-12-31 16:24:23,,,,8.3e10, 
252,2009-12-31 12:50:25,37.9N,178.3W,,10.2e10,37.9N 178.3W
253,2009-11-25 01:36:20,52.8S,136.5E,,6.4e10,52.8S 136.5E
254,2009-11-21 20:53:00,22.0S,29.2E,32.1,1.00e13,22.0S 29.2E
255,2009-11-18 17:36:07,,,,8.5e10, 
256,2009-11-18 07:07:19,40.4N,113.2W,,73.6e10,40.4N 113.2W
257,2009-11-14 19:58:55,,,,2.3e10, 
258,2009-11-07 11:31:59,45.5N,157.7W,,2.2e10,45.5N 157.7W
259,2009-11-07 10:41:38,24.0N,64.1E,,4.2e10,24.0N 64.1E
260,2009-10-11 12:49:51,78.3S,70.2E,,7.1e10,78.3S 70.2E
261,2009-10-08 02:57:00,4.2S,120.6E,19.2,2.00e13,4.2S 120.6E
262,2009-09-27 22:22:48,36.0S,67.6W,,8.9e10,36.0S 67.6W
263,2009-09-18 20:13:56,7.7N,29.5W,,14.4e10,7.7N 29.5W
264,2009-09-04 02:23:18,42.5N,110.0E,24.0,96.5e10,42.5N 110.0E
265,2009-08-23 21:17:19,67.7S,18.3E,12.2,28.0e10,67.7S 18.3E
266,2009-07-31 02:13:19,8.9N,121.9W,,2.5e10,8.9N 121.9W
267,2009-07-16 06:39:05,24.4S,59.8W,,72.7e10,24.4S 59.8W
268,2009-07-03 04:02:00,,,,2.7e10, 
269,2009-06-27 13:08:05,26.6S,12.6W,15.2,3.2e10,26.6S 12.6W
270,2009-06-20 11:04:41,,,,2.7e10, 
271,2009-06-18 04:39:00,23.7S,16.0W,,3.3e10,23.7S 16.0W
272,2009-06-09 22:42:28,54.9N,152.7W,,28.1e10,54.9N 152.7W
273,2009-05-31 06:05:47,19.7N,121.0W,,14.3e10,19.7N 121.0W
274,2009-05-13 20:20:16,,,,7.3e10, 
275,2009-05-04 11:39:03,36.4N,160.4W,,14.0e10,36.4N 160.4W
276,2009-04-20 04:01:39,6.0N,84.3E,,2.2e10,6.0N 84.3E
277,2009-04-10 18:42:45,44.7S,25.7E,19.1,27.0e10,44.7S 25.7E
278,2009-03-04 00:38:05,,,,17.0e10, 
279,2009-02-20 12:15:57,64.9S,70.0W,,5.0e10,64.9S 70.0W
280,2009-02-07 19:51:32,56.6N,69.8E,15.4,160.0e10,56.6N 69.8E
281,2009-01-12 22:24:56,47.8N,44.3W,,4.8e10,47.8N 44.3W
282,2009-01-10 07:42:39,64.0S,122.8E,,2.3e10,64.0S 122.8E
283,2008-12-24 15:51:58,68.9S,102.0W,24.1,3.5e10,68.9S 102.0W
284,2008-12-12 11:36:36,7.0S,9.7W,,21.6e10,7.0S 9.7W
285,2008-12-09 06:08:16,,,,3.4e10, 
286,2008-11-24 22:01:19,57.9S,146.1E,23.7,14.6e10,57.9S 146.1E
287,2008-11-21 00:26:44,53.1N,109.9W,12.9,14.2e10,53.1N 109.9W
288,2008-11-18 09:41:51,29.4S,75.9E,22.4,2.5e10,29.4S 75.9E
289,2008-11-09 02:38:34,14.5N,112.7E,,22.2e10,14.5N 112.7E
290,2008-10-21 02:20:25,32.8N,165.6W,11.3,4.6e10,32.8N 165.6W
291,2008-10-10 09:34:18,57.3S,17.0E,,18.0e10,57.3S 17.0E
292,2008-10-07 02:45:45,20.9N,31.4E,13.3,39.5e10,20.9N 31.4E
293,2008-09-09 09:49:41,,,,5.9e10, 
294,2008-08-16 14:40:24,11.3N,97.2E,,13.1e10,11.3N 97.2E
295,2008-08-12 11:44:10,11.6S,175.0W,,2.0e10,11.6S 175.0W
296,2008-08-07 06:07:10,18.5N,180.0E,13.8,4.1e10,18.5N 180.0E
297,2008-07-23 14:45:25,38.6N,68.0E,14.5,12.1e10,38.6N 68.0E
298,2008-07-22 19:34:00,17.8S,89.2W,,6.1e10,17.8S 89.2W
299,2008-07-11 14:35:28,,,,5.2e10, 
300,2008-07-08 15:55:30,72.8N,147.3E,21.7,6.6e10,72.8N 147.3E
301,2008-07-01 17:40:19,37.1N,115.7W,9.8,3.6e10,37.1N 115.7W
302,2008-06-27 02:01:23,26.9S,17.7W,23.1,17.2e10,26.9S 17.7W
303,2008-06-18 13:45:36,6.1N,103.1E,,2.1e10,6.1N 103.1E
304,2008-05-29 21:23:56,15.7N,83.5W,,2.1e10,15.7N 83.5W
305,2008-05-24 10:18:10,0.8N,162.0E,14.2,15.0e10,0.8N 162.0E
306,2008-05-22 20:50:28,46.9N,134.5E,,2.1e10,46.9N 134.5E
307,2008-05-06 01:08:56,,,,5.7e10, 
308,2008-04-30 01:18:38,33.6S,35.1W,,2.0e10,33.6S 35.1W
309,2008-04-06 16:03:34,,,,7.7e10, 
310,2008-03-15 11:29:55,28.0N,41.5W,12.9,5.0e10,28.0N 41.5W
311,2008-02-24 19:33:14,,,,7.4e10, 
312,2008-02-19 13:30:30,48.9N,119.8W,,2.0e10,48.9N 119.8W
313,2008-02-18 08:51:12,,,,5.0e10, 
314,2008-02-17 12:19:16,74.9N,73.4W,13.9,11.0e10,74.9N 73.4W
315,2008-02-16 08:38:39,,,,7.1e10, 
316,2008-01-18 01:17:39,,,,4.4e10, 
317,2008-01-09 03:53:15,66.8S,67.3W,11.6,4.1e10,66.8S 67.3W
318,2007-12-26 06:46:20,61.6S,158.9W,,13.6e10,61.6S 158.9W
319,2007-12-20 17:00:48,51.3N,115.4E,,12.2e10,51.3N 115.4E
320,2007-10-25 19:35:38,40.9S,91.3E,,5.8e10,40.9S 91.3E
321,2007-10-12 09:14:03,88.5N,116.6E,18.4,3.3e10,88.5N 116.6E
322,2007-10-07 13:31:01,35.2S,125.6E,,5.8e10,35.2S 125.6E
323,2007-09-22 17:57:12,49.2S,85.5W,16.9,23.7e10,49.2S 85.5W
324,2007-06-11 09:47:05,23.4S,170.9W,17.0,4.9e10,23.4S 170.9W
325,2007-06-08 13:32:00,52.0S,175.3E,,23.5e10,52.0S 175.3E
326,2007-06-07 21:28:12,21.9N,53.1E,,3.1e10,21.9N 53.1E
327,2007-05-16 16:20:58,4.5S,111.7E,,3.8e10,4.5S 111.7E
328,2007-05-16 04:45:52,42.4S,164.0E,,40.0e10,42.4S 164.0E
329,2007-05-04 17:52:39,22.9N,109.4E,,17.5e10,22.9N 109.4E
330,2007-04-18 12:44:23,83.7S,171.2W,24.4,11.2e10,83.7S 171.2W
331,2007-04-16 14:56:51,,,,2.4e10, 
332,2007-03-17 06:48:35,7.1N,4.1E,14.5,4.0e10,7.1N 4.1E
333,2007-03-15 02:20:15,44.1S,148.4W,,2.5e10,44.1S 148.4W
334,2007-03-07 15:16:49,,,,2.7e10, 
335,2007-02-02 12:48:41,24.0N,37.2W,,34.0e10,24.0N 37.2W
336,2007-01-26 22:22:21,3.7N,99.7E,,14.7e10,3.7N 99.7E
337,2007-01-22 07:24:56,45.4N,53.5E,13.4,7.6e10,45.4N 53.5E
338,2007-01-18 13:51:10,5.3N,164.3W,,3.2e10,5.3N 164.3W
339,2007-01-17 09:50:46,8.7S,50.8E,,54.8e10,8.7S 50.8E
340,2007-01-01 11:43:29,44.4N,116.5E,,3.6e10,44.4N 116.5E
341,2006-12-09 06:31:12,26.2N,26.0E,15.9,741.0e10,26.2N 26.0E
342,2006-12-07 11:42:00,14.0N,140.0W,,2.1e10,14.0N 140.0W
343,2006-12-01 06:09:25,13.0S,30.7E,,6.3e10,13.0S 30.7E
344,2006-11-13 15:16:34,44.0S,43.3E,,2.3e10,44.0S 43.3E
345,2006-10-24 08:42:52,1.9S,2.7W,,22.5e10,1.9S 2.7W
346,2006-10-14 18:10:49,49.4N,175.0W,23.9,25.8e10,49.4N 175.0W
347,2006-10-09 04:45:30,47.0S,78.9E,,4.1e10,47.0S 78.9E
348,2006-10-07 12:18:53,23.0S,61.8W,,4.1e10,23.0S 61.8W
349,2006-10-02 19:10:27,14.0N,53.1E,,9.0e10,14.0N 53.1E
350,2006-09-27 08:33:43,32.0S,60.2E,,10.7e10,32.0S 60.2E
351,2006-09-23 18:52:58,29.0S,108.0W,,12.1e10,29.0S 108.0W
352,2006-09-02 17:57:58,,,,2.2e10, 
353,2006-09-02 04:26:15,14.0S,109.1E,14.2,123.0e10,14.0S 109.1E
354,2006-08-29 01:38:36,44.0S,162.0W,,9.2e10,44.0S 162.0W
355,2006-08-18 00:03:18,43.0S,33.4E,,3.2e10,43.0S 33.4E
356,2006-08-17 10:43:34,11.0S,165.7E,,25.6e10,11.0S 165.7E
357,2006-08-15 10:52:24,4.9N,49.6E,,4.7e10,4.9N 49.6E
358,2006-08-09 04:30:44,23.1S,53.7E,,102.0e10,23.1S 53.7E
359,2006-07-15 23:55:45,78.3S,5.0W,12.4,8.5e10,78.3S 5.0W
360,2006-07-15 15:22:49,31.1N,45.6E,30.2,16.3e10,31.1N 45.6E
361,2006-06-07 00:06:28,69.2N,22.5E,19.6,5.9e10,69.2N 22.5E
362,2006-05-28 01:32:24,,,,2.6e10, 
363,2006-05-21 07:51:11,11.6S,25.5W,,26.3e10,11.6S 25.5W
364,2006-05-07 17:45:14,,,,3.0e10, 
365,2006-05-06 15:39:06,60.2S,152.3W,,12.8e10,60.2S 152.3W
366,2006-04-25 18:46:53,,,,2.0e10, 
367,2006-04-08 13:16:23,17.3N,113.2W,,12.7e10,17.3N 113.2W
368,2006-04-04 11:30:08,26.6N,26.6W,,240.0e10,26.6N 26.6W
369,2006-03-14 03:21:06,7.0N,64.6W,,14.4e10,7.0N 64.6W
370,2006-02-26 07:30:06,,,,7.0e10, 
371,2006-02-06 01:57:37,54.5S,18.1E,,119.0e10,54.5S 18.1E
372,2006-02-04 08:38:05,36.9N,143.6W,19.8,10.0e10,36.9N 143.6W
373,2006-01-28 03:33:48,51.7S,56.4E,18.7,74.0e10,51.7S 56.4E
374,2006-01-27 01:27:42,58.7N,74.7E,,4.5e10,58.7N 74.7E
375,2006-01-26 00:00:53,79.8S,111.0W,,5.3e10,79.8S 111.0W
376,2006-01-10 23:25:28,29.8N,12.7W,16.9,2.8e10,29.8N 12.7W
377,2006-01-08 05:20:19,7.6N,28.2W,,9.4e10,7.6N 28.2W
378,2005-12-29 10:05:35,3.0S,154.9W,20.7,19.0e10,3.0S 154.9W
379,2005-12-24 15:30:26,54.0S,17.3E,,18.1e10,54.0S 17.3E
380,2005-12-03 12:45:49,33.8S,117.4E,17.0,8.8e10,33.8S 117.4E
381,2005-12-01 10:40:20,6.4S,155.8W,,3.2e10,6.4S 155.8W
382,2005-11-29 07:33:16,7.6N,58.2W,,3.2e10,7.6N 58.2W
383,2005-11-15 05:19:07,26.3N,113.4W,,2.5e10,26.3N 113.4W
384,2005-11-11 20:34:23,21.4N,134.1W,,4.2e10,21.4N 134.1W
385,2005-11-09 07:33:08,31.0S,145.9E,13.8,7.3e10,31.0S 145.9E
386,2005-11-02 07:04:32,33.9N,154.9W,,3.2e10,33.9N 154.9W
387,2005-11-02 05:16:47,22.9N,123.8W,,6.7e10,22.9N 123.8W
388,2005-10-26 21:30:47,36.3S,80.5W,,13.8e10,36.3S 80.5W
389,2005-09-30 19:04:06,2.8S,84.1W,,2.2e10,2.8S 84.1W
390,2005-09-14 01:08:52,11.6N,27.3E,,2.5e10,11.6N 27.3E
391,2005-09-02 07:59:47,13.5N,73.1E,,8.2e10,13.5N 73.1E
392,2005-08-20 12:10:24,,,,2.7e10, 
393,2005-08-09 14:35:45,21.5S,56.2E,16.9,2.5e10,21.5S 56.2E
394,2005-07-01 22:36:15,49.8S,33.1E,,3.1e10,49.8S 33.1E
395,2005-06-18 19:40:41,47.9N,85.6E,,2.3e10,47.9N 85.6E
396,2005-06-05 01:56:09,34.8N,90.9E,,4.1e10,34.8N 90.9E
397,2005-06-03 08:15:41,31.0S,90.3W,26.2,8.2e10,31.0S 90.3W
398,2005-05-27 14:12:13,48.9S,145.1E,,2.0e10,48.9S 145.1E
399,2005-05-14 13:02:53,,,,12.9e10, 
400,2005-05-07 09:31:44,75.8S,163.7E,16.6,2.6e10,75.8S 163.7E
401,2005-05-02 20:10:36,17.7N,36.0E,,4.6e10,17.7N 36.0E
402,2005-04-22 11:18:05,20.9N,36.7W,,2.2e10,20.9N 36.7W
403,2005-04-19 07:37:47,50.2S,146.4W,16.8,23.2e10,50.2S 146.4W
404,2005-04-16 10:40:38,,,,2.0e10, 
405,2005-04-15 06:54:59,43.8S,73.9W,,2.1e10,43.8S 73.9W
406,2005-04-14 14:05:22,4.9N,176.0W,,7.1e10,4.9N 176.0W
407,2005-04-11 05:20:29,34.2S,95.7W,,10.6e10,34.2S 95.7W
408,2005-04-06 01:30:24,42.7S,154.6E,,2.9e10,42.7S 154.6E
409,2005-04-05 17:48:07,,,,3.5e10, 
410,2005-04-03 01:45:29,1.0S,112.4E,,21.9e10,1.0S 112.4E
411,2005-04-02 22:52:25,14.1N,169.7E,,20.4e10,14.1N 169.7E
412,2005-03-31 22:15:55,42.8N,36.2W,,3.8e10,42.8N 36.2W
413,2005-03-18 16:48:32,9.7S,34.7W,,2.7e10,9.7S 34.7W
414,2005-03-12 22:16:31,,,,2.2e10, 
415,2005-03-09 15:47:36,21.4S,157.9W,,5.3e10,21.4S 157.9W
416,2005-03-09 12:49:08,14.3N,142.7E,,4.0e10,14.3N 142.7E
417,2005-03-06 17:32:51,,,,5.5e10, 
418,2005-02-17 22:52:36,48.0N,161.5W,,10.0e10,48.0N 161.5W
419,2005-01-19 01:43:14,27.5S,164.9W,,14.1e10,27.5S 164.9W
420,2005-01-02 23:09:51,21.3S,154.7E,21.5,11.9e10,21.3S 154.7E
421,2005-01-01 03:44:09,32.7N,12.4E,,45.4e10,32.7N 12.4E
422,2004-12-29 07:11:45,8.5S,171.8E,,9.0e10,8.5S 171.8E
423,2004-12-13 11:35:55,9.7S,155.3E,,3.9e10,9.7S 155.3E
424,2004-12-11 15:36:51,36.0N,104.1E,,3.0e10,36.0N 104.1E
425,2004-11-30 08:32:53,61.0N,171.0W,,18.1e10,61.0N 171.0W
426,2004-11-17 03:13:04,,,,18.6e10, 
427,2004-10-14 11:41:01,,,,9.3e10, 
428,2004-10-10 11:05:28,,,,3.0e10, 
429,2004-10-07 13:14:43,27.3S,71.5E,19.2,1.04e13,27.3S 71.5E
430,2004-10-04 04:39:52,3.7N,150.9W,,7.1e10,3.7N 150.9W
431,2004-09-28 08:57:28,0.2N,101.1W,,6.2e10,0.2N 101.1W
432,2004-09-03 12:07:22,67.7S,18.2E,,726.0e10,67.7S 18.2E
433,2004-08-22 10:01:33,51.9S,22.7E,,144.0e10,51.9S 22.7E
434,2004-07-29 12:41:45,,,,2.5e10, 
435,2004-07-25 05:29:13,,,,19.7e10, 
436,2004-07-22 03:34:31,,,,3.5e10, 
437,2004-07-16 00:11:01,,,,2.9e10, 
438,2004-07-04 16:58:04,,,,7.9e10, 
439,2004-07-03 20:47:22,,,,6.5e10, 
440,2004-06-12 07:13:56,21.7N,175.3E,,10.4e10,21.7N 175.3E
441,2004-06-11 15:41:40,,,,10.4e10, 
442,2004-06-05 20:34:10,1.3N,174.4W,19.5,181.0e10,1.3N 174.4W
443,2004-06-04 13:41:38,,,,33.9e10, 
444,2004-06-03 21:59:15,,,,4.7e10, 
445,2004-06-03 09:40:12,48.9N,120.4W,,5.4e10,48.9N 120.4W
446,2004-05-18 11:12:12,28.1S,47.4W,,39.4e10,28.1S 47.4W
447,2004-05-17 02:08:27,18.9S,28.3E,,5.5e10,18.9S 28.3E
448,2004-05-06 02:22:49,,,,4.9e10, 
449,2004-04-23 00:33:41,,,,5.6e10, 
450,2004-04-22 21:19:55,15.2S,55.1E,,13.9e10,15.2S 55.1E
451,2004-04-22 04:21:49,44.3S,83.3E,16.3,62.4e10,44.3S 83.3E
452,2004-04-06 03:24:49,12.0S,162.8E,25.6,43.3e10,12.0S 162.8E
453,2004-03-26 16:35:45,7.6S,155.1E,,2.4e10,7.6S 155.1E
454,2004-03-25 09:39:26,4.8S,21.0E,,2.1e10,4.8S 21.0E
455,2004-02-27 01:18:54,,,,6.0e10, 
456,2004-02-02 18:52:20,18.3S,52.3E,,3.0e10,18.3S 52.3E
457,2004-01-22 01:06:43,50.6S,157.8E,,23.2e10,50.6S 157.8E
458,2004-01-17 20:11:02,,,,2.8e10, 
459,2004-01-16 11:17:06,,,,9.8e10, 
460,2004-01-02 04:27:59,28.2S,3.2E,,13.4e10,28.2S 3.2E
461,2003-12-09 22:36:23,67.1S,90.8W,,64.3e10,67.1S 90.8W
462,2003-11-26 02:00:04,22.9S,22.7E,,3.5e10,22.9S 22.7E
463,2003-11-10 13:54:06,64.5S,136.2E,20.1,51.8e10,64.5S 136.2E
464,2003-11-01 14:09:30,51.4S,151.7E,,7.3e10,51.4S 151.7E
465,2003-10-16 00:47:28,,,,28.5e10, 
466,2003-10-13 14:06:59,,,,3.0e10, 
467,2003-10-07 00:23:56,,,,3.7e10, 
468,2003-09-27 12:59:02,21.0N,86.6E,18.2,215.0e10,21.0N 86.6E
469,2003-09-22 03:45:43,,,,3.3e10, 
470,2003-09-21 07:40:00,,,,2.0e10, 
471,2003-09-20 19:04:01,,,,3.0e10, 
472,2003-09-02 20:00:46,51.3N,161.0W,,38.5e10,51.3N 161.0W
473,2003-08-26 22:08:45,,,,7.2e10, 
474,2003-08-26 08:44:07,,,,24.9e10, 
475,2003-08-17 13:16:07,39.0S,34.0E,,64.7e10,39.0S 34.0E
476,2003-08-01 04:09:32,,,,2.1e10, 
477,2003-07-21 05:11:28,,,,5.8e10, 
478,2003-06-22 22:53:28,,,,2.1e10, 
479,2003-06-21 14:49:57,,,,3.8e10, 
480,2003-06-16 17:17:19,,,,6.5e10, 
481,2003-06-10 14:11:07,41.8S,122.9E,,3.2e10,41.8S 122.9E
482,2003-05-27 23:32:32,5.2N,166.2E,,6.8e10,5.2N 166.2E
483,2003-05-19 03:38:12,,,,52.1e10, 
484,2003-05-18 07:51:40,,,,2.1e10, 
485,2003-05-15 06:28:32,54.0N,80.4W,,4.3e10,54.0N 80.4W
486,2003-04-28 13:06:46,,,,2.3e10, 
487,2003-04-13 17:58:41,14.8N,64.5E,,17.5e10,14.8N 64.5E
488,2003-04-07 09:25:28,18.4S,162.6E,,2.2e10,18.4S 162.6E
489,2003-04-01 04:40:55,,,,3.1e10, 
490,2003-03-27 05:50:26,41.4N,87.7W,,14.2e10,41.4N 87.7W
491,2003-02-25 23:13:28,40.0N,116.0E,,3.3e10,40.0N 116.0E
492,2003-02-12 23:45:57,,,,7.9e10, 
493,2003-02-12 02:37:54,31.5S,107.5E,,12.0e10,31.5S 107.5E
494,2003-02-06 17:00:19,62.9S,113.9W,,19.7e10,62.9S 113.9W
495,2003-02-05 06:16:27,,,,10.3e10, 
496,2003-02-04 14:07:08,59.9S,41.0E,,13.5e10,59.9S 41.0E
497,2003-01-30 06:02:59,,,,10.7e10, 
498,2002-11-28 15:41:53,,,,4.6e10, 
499,2002-11-21 00:11:17,1.4S,154.0W,,24.0e10,1.4S 154.0W
500,2002-11-12 21:49:56,21.1S,6.8W,,4.3e10,21.1S 6.8W
501,2002-11-10 22:13:54,16.0N,166.0W,,46.0e10,16.0N 166.0W
502,2002-10-09 12:00:35,4.3S,175.9W,,4.9e10,4.3S 175.9W
503,2002-10-04 10:08:01,,,,11.7e10, 
504,2002-09-24 16:48:57,57.9N,112.9E,,86.0e10,57.9N 112.9E
505,2002-08-14 07:48:32,6.9S,126.2W,,9.0e10,6.9S 126.2W
506,2002-08-11 20:42:53,18.2S,159.4E,,151.0e10,18.2S 159.4E
507,2002-08-10 18:01:51,,,,2.5e10, 
508,2002-07-25 15:57:32,28.7S,47.0E,,23.0e10,28.7S 47.0E
509,2002-07-22 11:16:02,34.0N,106.1E,,5.3e10,34.0N 106.1E
510,2002-06-29 16:31:55,,,,15.9e10, 
511,2002-06-15 11:51:18,,,,2.9e10, 
512,2002-06-13 15:29:38,24.9S,111.4E,,19.1e10,24.9S 111.4E
513,2002-06-02 04:28:20,34.0N,21.0E,,450.0e10,34.0N 21.0E
514,2002-04-03 19:10:21,5.3S,27.1E,,18.2e10,5.3S 27.1E
515,2002-04-02 02:36:28,,,,3.2e10, 
516,2002-03-28 21:29:56,,,,2.7e10, 
517,2002-03-19 05:56:10,,,,8.3e10, 
518,2002-03-19 02:56:52,,,,5.3e10, 
519,2002-03-18 14:44:57,60.4S,120.5W,,2.0e10,60.4S 120.5W
520,2002-03-09 01:20:24,6.9N,147.3W,,24.9e10,6.9N 147.3W
521,2002-03-03 21:10:55,37.5N,154.0E,,8.2e10,37.5N 154.0E
522,2002-03-01 03:53:59,29.2N,66.8W,,3.8e10,29.2N 66.8W
523,2002-02-09 19:50:26,17.7S,138.7E,,7.0e10,17.7S 138.7E
524,2002-02-01 19:07:54,60.7N,116.6E,,7.0e10,60.7N 116.6E
525,2002-01-20 16:42:04,48.4N,165.0W,,10.4e10,48.4N 165.0W
526,2002-01-03 12:19:37,,,,12.3e10, 
527,2001-12-14 17:58:04,,,,15.1e10, 
528,2001-12-12 16:56:13,,,,9.8e10, 
529,2001-11-26 06:51:52,,,,19.2e10, 
530,2001-11-13 10:58:48,,,,31.2e10, 
531,2001-11-11 12:14:02,,,,13.0e10, 
532,2001-10-27 19:20:12,52.7N,3.8E,,3.6e10,52.7N 3.8E
533,2001-10-14 12:03:11,,,,8.9e10, 
534,2001-10-12 03:11:53,,,,6.2e10, 
535,2001-10-06 06:29:38,,,,15.8e10, 
536,2001-09-25 11:54:06,,,,4.2e10, 
537,2001-08-26 16:08:52,,,,3.8e10, 
538,2001-08-18 13:57:43,,,,4.0e10, 
539,2001-07-26 21:20:19,0.4N,84.8E,,32.6e10,0.4N 84.8E
540,2001-07-23 22:19:11,41.0N,77.0W,,124.0e10,41.0N 77.0W
541,2001-05-06 04:30:29,,,,5.0e10, 
542,2001-04-27 09:46:18,,,,13.0e10, 
543,2001-04-23 06:12:35,28.0N,133.6W,,460.0e10,28.0N 133.6W
544,2001-04-14 06:40:36,,,,2.4e10, 
545,2001-04-13 00:29:57,15.3S,162.4E,,25.1e10,15.3S 162.4E
546,2001-02-09 21:27:55,,,,10.8e10, 
547,2001-02-04 05:53:38,64.0S,97.3E,,15.1e10,64.0S 97.3E
548,2001-01-28 16:19:18,66.0N,31.3E,,10.8e10,66.0N 31.3E
549,2000-12-15 13:22:59,41.3N,95.2E,,26.2e10,41.3N 95.2E
550,2000-12-15 03:46:27,50.4N,58.9E,,2.7e10,50.4N 58.9E
551,2000-11-28 12:20:13,,,,11.9e10, 
552,2000-11-13 00:28:01,13.6S,5.8W,,6.6e10,13.6S 5.8W
553,2000-11-06 07:18:57,52.0S,22.2W,,6.9e10,52.0S 22.2W
554,2000-10-11 23:29:55,31.7S,5.5W,,8.1e10,31.7S 5.5W
555,2000-09-24 06:57:19,,,,2.7e10, 
556,2000-09-23 04:00:45,58.5S,142.6E,,2.2e10,58.5S 142.6E
557,2000-09-19 22:12:38,3.2S,133.8W,,8.9e10,3.2S 133.8W
558,2000-08-25 01:12:25,14.5N,106.1W,,138.5e10,14.5N 106.1W
559,2000-08-13 03:00:32,36.7N,127.8W,,6.5e10,36.7N 127.8W
560,2000-08-01 16:48:27,50.2S,101.9W,,18.2e10,50.2S 101.9W
561,2000-07-31 07:06:34,15.7N,138.5W,,3.8e10,15.7N 138.5W
562,2000-07-19 17:40:25,17.7S,94.1E,,10.7e10,17.7S 94.1E
563,2000-07-09 01:08:45,,,,12.1e10, 
564,2000-07-07 01:34:20,15.0N,140.7E,,6.5e10,15.0N 140.7E
565,2000-06-27 10:06:51,34.9N,36.8E,,2.7e10,34.9N 36.8E
566,2000-06-23 09:03:42,69.2N,44.0W,,2.0e10,69.2N 44.0W
567,2000-06-22 20:02:11,32.9N,159.0E,,3.0e10,32.9N 159.0E
568,2000-06-18 13:40:02,,,,13.3e10, 
569,2000-06-14 16:39:18,28.1N,107.3E,,14.5e10,28.1N 107.3E
570,2000-06-04 03:17:39,,,,19.0e10, 
571,2000-06-03 03:24:49,36.8N,74.8W,,3.0e10,36.8N 74.8W
572,2000-06-02 18:44:16,27.5S,18.9W,,3.0e10,27.5S 18.9W
573,2000-05-29 16:46:28,,,,6.0e10, 
574,2000-05-06 11:51:52,49.9N,18.4E,,2.8e10,49.9N 18.4E
575,2000-05-03 10:40:09,5.0S,73.0E,,5.9e10,5.0S 73.0E
576,2000-04-21 13:42:20,,,,8.6e10, 
577,2000-04-04 13:38:15,,,,2.3e10, 
578,2000-03-28 15:27:17,1.0N,98.3E,,6.3e10,1.0N 98.3E
579,2000-03-19 05:11:50,,,,4.9e10, 
580,2000-03-06 08:29:18,58.0N,175.0E,,96.0e10,58.0N 175.0E
581,2000-02-18 09:25:59,0.9S,109.2E,,362.0e10,0.9S 109.2E
582,2000-02-17 14:22:07,14.2N,115.9E,,2.2e10,14.2N 115.9E
583,2000-01-18 16:43:42,60.3N,134.6W,,105.0e10,60.3N 134.6W
584,2000-01-18 08:33:58,24.3N,94.9W,,3.5e10,24.3N 94.9W
585,1999-12-16 00:07:22,26.5S,11.3W,,6.7e10,26.5S 11.3W
586,1999-12-11 17:31:52,,,,27.3e10, 
587,1999-12-10 18:56:50,,,,2.8e10, 
588,1999-12-03 17:24:45,,,,4.2e10, 
589,1999-12-01 19:38:15,,,,2.3e10, 
590,1999-11-30 02:18:53,,,,4.5e10, 
591,1999-11-15 20:01:28,8.1S,75.4E,,7.4e10,8.1S 75.4E
592,1999-11-07 17:53:06,2.3S,77.4W,,8.9e10,2.3S 77.4W
593,1999-10-26 17:19:42,13.7N,70.8W,,8.6e10,13.7N 70.8W
594,1999-09-08 23:55:35,22.4N,0.2E,,2.8e10,22.4N 0.2E
595,1999-09-08 14:41:53,32.5N,104.6E,,9.0e10,32.5N 104.6E
596,1999-08-16 05:18:20,35.0N,107.2W,,3.6e10,35.0N 107.2W
597,1999-08-06 03:22:37,,,,6.8e10, 
598,1999-08-03 18:25:49,64.7S,18.8W,,35.6e10,64.7S 18.8W
599,1999-07-10 08:11:42,37.8S,39.6E,,32.6e10,37.8S 39.6E
600,1999-07-07 04:14:41,39.5S,174.4E,,14.0e10,39.5S 174.4E
601,1999-06-25 06:27:41,50.0N,121.0E,,12.4e10,50.0N 121.0E
602,1999-05-23 07:02:10,16.4S,116.3W,,2.6e10,16.4S 116.3W
603,1999-04-26 11:33:06,22.5S,6.5E,,9.2e10,22.5S 6.5E
604,1999-04-26 09:49:26,32.8S,159.1E,,3.3e10,32.8S 159.1E
605,1999-03-31 23:54:35,17.9S,22.6E,,23.4e10,17.9S 22.6E
606,1999-03-28 15:37:01,0.8N,97.6E,,30.4e10,0.8N 97.6E
607,1999-03-02 22:23:25,18.9N,50.5E,,5.9e10,18.9N 50.5E
608,1999-02-18 23:15:25,54.9S,64.6W,,15.4e10,54.9S 64.6W
609,1999-02-01 14:24:09,80.0N,154.2E,,2.8e10,80.0N 154.2E
610,1999-01-19 02:32:21,7.9N,85.8E,,2.4e10,7.9N 85.8E
611,1999-01-14 08:06:05,44.0S,129.7W,,506.0e10,44.0S 129.7W
612,1999-01-12 19:24:52,,,,4.3e10, 
613,1999-01-11 05:18:17,,,,2.4e10, 
614,1999-01-02 18:25:51,47.0N,103.0E,,3.5e10,47.0N 103.0E
615,1998-12-22 09:24:00,,,,2.7e10, 
616,1998-11-23 20:20:14,82.3N,160.1E,,2.5e10,82.3N 160.1E
617,1998-11-11 16:46:18,6.5N,156.4E,,65.6e10,6.5N 156.4E
618,1998-10-03 12:58:50,,,,3.2e10, 
619,1998-09-04 09:16:11,,,,12.8e10, 
620,1998-09-01 11:15:04,34.6N,23.6E,,2.4e10,34.6N 23.6E
621,1998-08-30 00:20:12,,,,4.1e10, 
622,1998-08-08 12:55:22,,,,2.3e10, 
623,1998-07-28 14:16:53,,,,6.3e10, 
624,1998-03-24 09:08:14,,,,2.7e10, 
625,1998-03-22 22:25:37,1.4N,26.6E,,14.0e10,1.4N 26.6E
626,1998-01-08 16:10:21,,,,6.2e10, 
627,1998-01-04 23:00:27,35.1S,33.4E,17.1,7.4e10,35.1S 33.4E
628,1997-12-28 03:58:18,23.1S,152.4E,,3.1e10,23.1S 152.4E
629,1997-12-09 08:15:55,62.7N,49.9W,,27.0e10,62.7N 49.9W
630,1997-11-07 07:46:55,57.3S,167.2E,,80.0e10,57.3S 167.2E
631,1997-10-09 18:47:15,31.8N,106.0W,,19.0e10,31.8N 106.0W
632,1997-10-01 14:26:43,46.7N,108.9E,,6.2e10,46.7N 108.9E
633,1997-09-30 12:31:18,38.1S,63.9E,,2.3e10,38.1S 63.9E
634,1997-09-05 11:41:54,31.1S,56.4E,,19.0e10,31.1S 56.4E
635,1997-08-20 17:16:43,,,,2.6e10, 
636,1997-08-15 01:05:22,,,,2.2e10, 
637,1997-07-30 03:01:51,,,,5.0e10, 
638,1997-07-04 12:22:33,15.8S,175.8W,,2.7e10,15.8S 175.8W
639,1997-05-22 08:30:15,,,,4.5e10, 
640,1997-04-27 22:34:21,16.7N,87.5E,,32.5e10,16.7N 87.5E
641,1997-02-19 04:31:35,16.3S,87.7W,,14.0e10,16.3S 87.7W
642,1997-02-15 15:23:35,35.5N,115.6E,,15.0e10,35.5N 115.6E
643,1997-02-06 18:28:34,,,,2.6e10, 
644,1997-01-28 17:49:49,,,,2.4e10, 
645,1997-01-23 10:03:27,15.0S,94.2E,,27.0e10,15.0S 94.2E
646,1997-01-22 21:13:16,32.2N,29.0E,,48.0e10,32.2N 29.0E
647,1997-01-04 06:46:39,25.7N,5.3W,,4.3e10,25.7N 5.3W
648,1997-01-03 15:08:07,,,,35.0e10, 
649,1996-12-17 04:16:18,34.1N,37.2W,,4.1e10,34.1N 37.2W
650,1996-12-10 06:09:32,,,,25.0e10, 
651,1996-12-04 17:00:34,,,,4.9e10, 
652,1996-12-01 13:19:35,,,,6.2e10, 
653,1996-11-22 10:06:17,,,,6.8e10, 
654,1996-11-08 16:02:13,,,,6.1e10, 
655,1996-10-30 12:48:19,2.1S,123.1W,,2.1e10,2.1S 123.1W
656,1996-10-28 04:46:21,27.4N,79.4W,,4.3e10,27.4N 79.4W
657,1996-10-23 08:28:06,47.3S,20.6E,,4.4e10,47.3S 20.6E
658,1996-10-19 19:01:08,29.7N,34.7W,,13.0e10,29.7N 34.7W
659,1996-10-07 17:43:44,,,,4.5e10, 
660,1996-10-05 19:21:02,49.6S,145.9E,,25.0e10,49.6S 145.9E
661,1996-08-17 15:46:08,,,,3.4e10, 
662,1996-08-15 16:07:51,,,,8.4e10, 
663,1996-08-09 18:14:56,,,,3.0e10, 
664,1996-08-07 03:16:03,,,,15.0e10, 
665,1996-08-06 04:50:32,,,,13.0e10, 
666,1996-08-05 19:27:52,,,,22.0e10, 
667,1996-08-05 15:19:30,,,,8.0e10, 
668,1996-07-17 03:16:07,31.8N,111.4E,,5.0e10,31.8N 111.4E
669,1996-07-12 14:04:45,20.7N,93.6W,,3.2e10,20.7N 93.6W
670,1996-06-25 11:22:40,,,,2.1e10, 
671,1996-05-08 01:02:05,,,,2.8e10, 
672,1996-05-01 13:19:25,,,,3.5e10, 
673,1996-03-31 00:53:57,,,,2.7e10, 
674,1996-03-30 04:03:32,31.1S,84.3W,,12.0e10,31.1S 84.3W
675,1996-03-29 20:30:54,21.5N,158.1W,,12.8e10,21.5N 158.1W
676,1996-03-25 17:00:41,,,,4.4e10, 
677,1996-03-13 08:31:01,,,,23.0e10, 
678,1996-02-16 07:03:14,,,,5.5e10, 
679,1996-02-15 02:38:05,76.0N,127.0W,,5.0e10,76.0N 127.0W
680,1996-01-18 17:10:49,,,,12.0e10, 
681,1996-01-15 13:44:23,59.8S,175.8E,,26.0e10,59.8S 175.8E
682,1995-12-27 12:55:01,,,,2.2e10, 
683,1995-12-22 13:26:29,70.2S,73.3W,,45.0e10,70.2S 73.3W
684,1995-12-09 19:54:26,2.9S,79.0W,,12.0e10,2.9S 79.0W
685,1995-11-25 05:29:31,,,,2.9e10, 
686,1995-11-13 03:10:47,,,,2.1e10, 
687,1995-10-01 02:42:01,,,,3.5e10, 
688,1995-09-09 07:38:38,,,,50.0e10, 
689,1995-08-24 21:54:35,,,,12.0e10, 
690,1995-08-17 16:39:02,,,,16.0e10, 
691,1995-08-06 04:38:09,,,,5.5e10, 
692,1995-08-05 17:14:10,11.6N,104.3W,,20.0e10,11.6N 104.3W
693,1995-07-11 18:38:41,28.5S,93.3E,,13.0e10,28.5S 93.3E
694,1995-07-09 18:20:09,0.9S,66.3E,,2.5e10,0.9S 66.3E
695,1995-07-07 17:33:37,40.2N,76.1W,,14.0e10,40.2N 76.1W
696,1995-06-09 09:28:38,,,,2.5e10, 
697,1995-04-02 12:32:38,,,,2.5e10, 
698,1995-02-16 13:05:47,16.7N,141.7W,,6.0e10,16.7N 141.7W
699,1995-01-18 10:17:26,51.5N,115.4E,,7.0e10,51.5N 115.4E
700,1995-01-10 21:08:41,,,,2.5e10, 
701,1995-01-02 20:41:38,,,,3.0e10, 
702,1994-12-18 12:45:40,,,,5.0e10, 
703,1994-12-16 09:41:03,42.2S,27.6E,,5.0e10,42.2S 27.6E
704,1994-11-03 20:01:36,6.5N,89.0E,,235.0e10,6.5N 89.0E
705,1994-11-01 06:50:46,1.5S,84.5W,,100.0e10,1.5S 84.5W
706,1994-10-27 04:21:29,,,,32.0e10, 
707,1994-10-20 00:11:21,45.2S,1.9W,,8.7e10,45.2S 1.9W
708,1994-10-08 03:24:22,,,,6.6e10, 
709,1994-09-22 04:22:17,,,,6.7e10, 
710,1994-08-15 23:16:48,,,,16.4e10, 
711,1994-06-15 00:02:26,45.0N,73.5W,,4.1e10,45.0N 73.5W
712,1994-06-03 20:48:42,,,,50.9e10, 
713,1994-05-29 09:30:58,52.8N,2.3E,,38.4e10,52.8N 2.3E
714,1994-02-01 22:38:09,2.7N,164.1E,,1.82e13,2.7N 164.1E
715,1993-11-29 17:48:41,26.5N,78.3E,,2.6e10,26.5N 78.3E
716,1993-10-31 03:39:27,51.3N,100.9W,,4.0e10,51.3N 100.9W
717,1991-10-04 09:22:47,78.7N,6.3E,,55.0e10,78.7N 6.3E
718,1990-10-01 03:51:47,7.5N,142.8E,,250.0e10,7.5N 142.8E
719,1988-04-15 03:03:10,4.1S,124.3E,,7580000000000,4.1S 124.3E
